"","Group 1","Group 2","Group 3","Entire"
"gender",0.833333333333333,0.5,0.25,0.5
"SES",4.33333333333333,1.83333333333333,3,3.05
